""	"tk"	"hk"	"is"
"icho"	"0.4799999999999999"	"0"	"0"
"kaede"	"0"	"0"	"0"
"koyo"	"0.4262295081967213"	"0.4727272727272727"	"0"